af_caves_load,1.7,6.8,"^5ОПЕРАТИВНО-ТАКТИЧЕСКАЯ ГРУППА 141",
af_caves_load,8,11.3,"^5САМЫЕ РАЗЫСКИВАЕМЫЕ ЛИЦА",
af_caves_load,11.3,14,"^5САМЫЕ РАЗЫСКИВАЕМЫЕ ЛИЦА\nДЖОН ПРАЙС    «СОУП» МАКТАВИШ",
af_caves_load,14,15.5,"^5САМЫЕ РАЗЫСКИВАЕМЫЕ ЛИЦА\nДЖОН ПРАЙС    «СОУП» МАКТАВИШ\n^2Мактавиш: ^7У нас всего один пулемет. У них – тысяча.",
af_caves_load,15.5,17.5,"\n\n^2Мактавиш: ^7У нас всего один пулемет. У них – тысяча.",
af_caves_load,18,21,"^2Мактавиш: ^7Мы даже не знаем, не солгал ли Макаров.",
af_caves_load,21.3,22.3,^2Мактавиш: ^7Прайс.,
af_caves_load,23.3,24.3,^2Мактавиш: ^7…Прайс?,
af_caves_load,25,30.2,"^2Прайс: ^7Нормальный человек не просыпается с мыслью о том, что сегодня – последний день его жизни.",
af_caves_load,30.5,33.6,"^2Прайс: ^7Но я считаю, это роскошь. Не проклятие. ",
af_caves_load,33.6,36.7,"^2Прайс: ^7Знание, что конец близок, даёт свободу. ",
af_caves_load,37.5,40,"^2Прайс: ^7Самое время… свести счёты.",
af_caves_load,41,46,^2Прайс: ^7Враг силён. Нас мало. Мы на пределе. Идём на верную смерть. ,
af_caves_load,46,50,"^2Прайс: ^7Но камни и песок, за тысячи лет войны впитавшие столько крови…",
af_caves_load,51.2,54,^2Прайс: ^7Они будут помнить нас. За это.,
af_caves_load,54.5,60,"^2Прайс: ^7Потому что мы сами выбрали свой путь. И, поверь, этот путь страшнее любого кошмара.",
af_caves_load,60.5,63.4,^2Прайс: ^7У нас нет другого выхода.,
af_caves_load,64,66.7,^2Прайс: ^7Мы должны это сделать.,
af_caves_load,67.8,70,^2Прайс: ^7Мы. Его.,
af_caves_load,70,72,"^2Прайс: ^7Мы. Его.\nУничтожим."
af_chase_load,16.3,18,^2Прайс: ^7Говорю для записи.,
af_chase_load,18.3,21,^2Прайс: ^7Историю пишет победитель.,
af_chase_load,22,24,^2Прайс: ^7В истории много лжи. ,
af_chase_load,25,30,"^2Прайс: ^7Если мы проиграем, его правда станет истиной,",
af_chase_load,30,32,"^2Прайс: ^7Если мы проиграем, его правда станет истиной,\nа нашу забудут.",
af_chase_load,32,39,"^2Прайс: ^7Шепард станет героем. Ведь чтобы изменить мир, нужна красивая ложь и море крови.",
af_chase_load,40,45,^2Прайс: ^7Он собирается совершить самый большой обман в истории человечества.,
af_chase_load,45.7,48,^2Прайс: ^7Его правда станет истиной.,
af_chase_load,48,52.2,"^2Прайс: ^7Но только, если он выживет, а мы умрем.",
airport_load,1.7,2.8,"^5ОПЕРАТИВНО-ТАКТИЧЕСКАЯ ГРУППА 141",
airport_load,2.8,6.4,"^5ОПЕРАТИВНО-ТАКТИЧЕСКАЯ ГРУППА 141\nСЕРЖАНТ ГАРИ «РОУЧ» САНДЕРСОН",
airport_load,6.4,6.6,"^5ОПЕРАТИВНО-ТАКТИЧЕСКАЯ ГРУППА 141",
airport_load,7.5,11,"\n\n^2Шепард: ^7Группа 141 захватила систему автоматического контроля, Аллен.",
airport_load,12,13,"\n\n^2Шепард: ^7Два бойца вынесли целую базу. Твоя задача будет ещё сложней.",
airport_load,13,14,"^1ЦРУ\n\n^2Шепард: ^7Два бойца вынесли целую базу. Твоя задача будет ещё сложней.",
airport_load,14,16.1,"^1ЦРУ\nРЯДОВОЙ 1-ГО КЛАССА ДЖОЗЕФ АЛЛЕН\n^2Шепард: ^7Два бойца вынесли целую базу. Твоя задача будет ещё сложней.",
airport_load,16.1,17.9,"^1ЦРУ\nРЯДОВОЙ 1-ГО КЛАССА ДЖОЗЕФ АЛЛЕН\n",
airport_load,17.9,17.94,"^1ЦРУ: \nРЯДОВОЙ 1-ГО КЛАССА ДЖОЗЕФ АЛЛЕН\n",
airport_load,17.94,17.98,"^1ЦРУ: О\nРЯДОВОЙ 1-ГО КЛАССА ДЖОЗЕФ АЛЛЕН\n",
airport_load,17.98,18.02,"^1ЦРУ: О\nРЯДОВОЙ 1-ГО КЛАССА ДЖОЗЕФ АЛЛЕН\n^2Шепард: ^7Вчера ты был солдатом на передовой. Но сегодня фронта больше нет.",
airport_load,18.02,18.06,"^1ЦРУ: ОП\nРЯДОВОЙ 1-ГО КЛАССА ДЖОЗЕФ АЛЛЕН\n^2Шепард: ^7Вчера ты был солдатом на передовой. Но сегодня фронта больше нет.",
airport_load,18.06,18.10,"^1ЦРУ: ОПЕ\nРЯДОВОЙ 1-ГО КЛАССА ДЖОЗЕФ АЛЛЕН\n^2Шепард: ^7Вчера ты был солдатом на передовой. Но сегодня фронта больше нет.",
airport_load,18.10,18.14,"^1ЦРУ: ОПЕР\nРЯДОВОЙ 1-ГО КЛАССА ДЖОЗЕФ АЛЛЕН\n^2Шепард: ^7Вчера ты был солдатом на передовой. Но сегодня фронта больше нет.",
airport_load,18.14,18.18,"^1ЦРУ: ОПЕРА\nРЯДОВОЙ 1-ГО КЛАССА ДЖОЗЕФ АЛЛЕН\n^2Шепард: ^7Вчера ты был солдатом на передовой. Но сегодня фронта больше нет.",
airport_load,18.18,18.22,"^1ЦРУ: ОПЕРАЦ\nРЯДОВОЙ 1-ГО КЛАССА ДЖОЗЕФ АЛЛЕН\n^2Шепард: ^7Вчера ты был солдатом на передовой. Но сегодня фронта больше нет.",
airport_load,18.22,18.26,"^1ЦРУ: ОПЕРАЦИ\nРЯДОВОЙ 1-ГО КЛАССА ДЖОЗЕФ АЛЛЕН\n^2Шепард: ^7Вчера ты был солдатом на передовой. Но сегодня фронта больше нет.",
airport_load,18.26,18.30,"^1ЦРУ: ОПЕРАЦИЯ\nРЯДОВОЙ 1-ГО КЛАССА ДЖОЗЕФ АЛЛЕН\n^2Шепард: ^7Вчера ты был солдатом на передовой. Но сегодня фронта больше нет.",
airport_load,18.30,18.34,"^1ЦРУ: ОПЕРАЦИЯ \nРЯДОВОЙ 1-ГО КЛАССА ДЖОЗЕФ АЛЛЕН\n^2Шепард: ^7Вчера ты был солдатом на передовой. Но сегодня фронта больше нет.",
airport_load,18.34,18.38,"^1ЦРУ: ОПЕРАЦИЯ П\nРЯДОВОЙ 1-ГО КЛАССА ДЖОЗЕФ АЛЛЕН\n^2Шепард: ^7Вчера ты был солдатом на передовой. Но сегодня фронта больше нет.",
airport_load,18.38,18.42,"^1ЦРУ: ОПЕРАЦИЯ ПО\nРЯДОВОЙ 1-ГО КЛАССА ДЖОЗЕФ АЛЛЕН\n^2Шепард: ^7Вчера ты был солдатом на передовой. Но сегодня фронта больше нет.",
airport_load,18.42,18.46,"^1ЦРУ: ОПЕРАЦИЯ ПОД\nРЯДОВОЙ 1-ГО КЛАССА ДЖОЗЕФ АЛЛЕН\n^2Шепард: ^7Вчера ты был солдатом на передовой. Но сегодня фронта больше нет.",
airport_load,18.46,18.50,"^1ЦРУ: ОПЕРАЦИЯ ПОД \nРЯДОВОЙ 1-ГО КЛАССА ДЖОЗЕФ АЛЛЕН\n^2Шепард: ^7Вчера ты был солдатом на передовой. Но сегодня фронта больше нет.",
airport_load,18.50,18.54,"^1ЦРУ: ОПЕРАЦИЯ ПОД П\nРЯДОВОЙ 1-ГО КЛАССА ДЖОЗЕФ АЛЛЕН\n^2Шепард: ^7Вчера ты был солдатом на передовой. Но сегодня фронта больше нет.",
airport_load,18.54,18.58,"^1ЦРУ: ОПЕРАЦИЯ ПОД ПР\nРЯДОВОЙ 1-ГО КЛАССА ДЖОЗЕФ АЛЛЕН\n^2Шепард: ^7Вчера ты был солдатом на передовой. Но сегодня фронта больше нет.",
airport_load,18.58,18.62,"^1ЦРУ: ОПЕРАЦИЯ ПОД ПРИ\nРЯДОВОЙ 1-ГО КЛАССА ДЖОЗЕФ АЛЛЕН\n^2Шепард: ^7Вчера ты был солдатом на передовой. Но сегодня фронта больше нет.",
airport_load,18.62,18.66,"^1ЦРУ: ОПЕРАЦИЯ ПОД ПРИК\nРЯДОВОЙ 1-ГО КЛАССА ДЖОЗЕФ АЛЛЕН\n^2Шепард: ^7Вчера ты был солдатом на передовой. Но сегодня фронта больше нет.",
airport_load,18.66,18.70,"^1ЦРУ: ОПЕРАЦИЯ ПОД ПРИКР\nРЯДОВОЙ 1-ГО КЛАССА ДЖОЗЕФ АЛЛЕН\n^2Шепард: ^7Вчера ты был солдатом на передовой. Но сегодня фронта больше нет.",
airport_load,18.70,18.74,"^1ЦРУ: ОПЕРАЦИЯ ПОД ПРИКРЫ\nРЯДОВОЙ 1-ГО КЛАССА ДЖОЗЕФ АЛЛЕН\n^2Шепард: ^7Вчера ты был солдатом на передовой. Но сегодня фронта больше нет.",
airport_load,18.74,18.78,"^1ЦРУ: ОПЕРАЦИЯ ПОД ПРИКРЫТ\nРЯДОВОЙ 1-ГО КЛАССА ДЖОЗЕФ АЛЛЕН\n^2Шепард: ^7Вчера ты был солдатом на передовой. Но сегодня фронта больше нет.",
airport_load,18.78,18.82,"^1ЦРУ: ОПЕРАЦИЯ ПОД ПРИКРЫТИ\nРЯДОВОЙ 1-ГО КЛАССА ДЖОЗЕФ АЛЛЕН\n^2Шепард: ^7Вчера ты был солдатом на передовой. Но сегодня фронта больше нет.",
airport_load,18.82,18.86,"^1ЦРУ: ОПЕРАЦИЯ ПОД ПРИКРЫТИЕ\nРЯДОВОЙ 1-ГО КЛАССА ДЖОЗЕФ АЛЛЕН\n^2Шепард: ^7Вчера ты был солдатом на передовой. Но сегодня фронта больше нет.",
airport_load,18.86,18.9,"^1ЦРУ: ОПЕРАЦИЯ ПОД ПРИКРЫТИЕМ\nРЯДОВОЙ 1-ГО КЛАССА ДЖОЗЕФ АЛЛЕН\n^2Шепард: ^7Вчера ты был солдатом на передовой. Но сегодня фронта больше нет.",
airport_load,18.9,19.6,"^1ЦРУ: ОПЕРАЦИЯ ПОД ПРИКРЫТИЕМ\n\n^2Шепард: ^7Вчера ты был солдатом на передовой. Но сегодня фронта больше нет.",
airport_load,19.6,21.4,"^1ЦРУ: ОПЕРАЦИЯ ПОД ПРИКРЫТИЕМ\nАЛЕКСЕЙ БОРОДИН\n^2Шепард: ^7Вчера ты был солдатом на передовой. Но сегодня фронта больше нет.",
airport_load,21.4,21.6,"^1ЦРУ: ОПЕРАЦИЯ ПОД ПРИКРЫТИЕМ\n\n^2Шепард: ^7Вчера ты был солдатом на передовой. Но сегодня фронта больше нет.",
airport_load,21.6,23,"\n\n^2Шепард: ^7Вчера ты был солдатом на передовой. Но сегодня фронта больше нет.",
airport_load,23,29,"\n\n^2Шепард: ^7Война идёт повсюду. А где война, там непременно будут и жертвы.",
airport_load,36,36.3,"\n\n^2Шепард: ^7Этот Макаров ведёт собственную войну вне всяких правил и границ."
airport_load,36.3,39,"^1ЯДЕРНО-ОРУЖЕЙНЫЙ АРСЕНАЛ?\n\n^2Шепард: ^7Этот Макаров ведёт собственную войну вне всяких правил и границ."
airport_load,39,41,"^1МАКАРОВ: МЫ БУДЕМ ВЗРЫВАТЬ И ДАЛЬШЕ\n\n^2Шепард: ^7Этот Макаров ведёт собственную войну вне всяких правил и границ."
airport_load,41,42.1,"^1МАКАРОВ: МЫ БУДЕМ ВЗРЫВАТЬ И ДАЛЬШЕ\n\n^2Шепард: ^7Он не побрезгует ни пытками, ни торговлей людьми, ни геноцидом.",
airport_load,42.1,44.3,"^1СТРАХ НАРАСТАЕТ ПО ВСЕЙ ЕВРОПЕ\n\n^2Шепард: ^7Он не побрезгует ни пытками, ни торговлей людьми, ни геноцидом.",
airport_load,44.3,44.5,"^1СТРАХ НАРАСТАЕТ ПО ВСЕЙ ЕВРОПЕ\n\n",
airport_load,44.5,45,"^1ТОНКАЯ ГРАНЬ МИРНОГО СОСУЩЕСТВОВАНИЯ…\n\n",
airport_load,45,45.2,"^1ТОНКАЯ ГРАНЬ МИРНОГО СОСУЩЕСТВОВАНИЯ…\n\n^2Шепард: ^7У него нет идеалов, нет чести, нет родины. Он проливает кровь за деньги.",
airport_load,45.2,47.3,"^1ТОНКАЯ ГРАНЬ МИРНОГО СОСУЩЕСТВОВАНИЯ…\n^1…ЧИСЛО ЖЕРТВ БЕЗУМЦА РАСТЕТ\n^2Шепард: ^7У него нет идеалов, нет чести, нет родины. Он проливает кровь за деньги.",
airport_load,47.3,52,"\n\n^2Шепард: ^7У него нет идеалов, нет чести, нет родины. Он проливает кровь за деньги.",
airport_load,53,55,"\n\n^2Шепард: ^7Теперь это твой лучший друг.",
airport_load,56,59.3,"\n\n^2Шепард: ^7Тебе лучше не знать, во что обошлось твоё внедрение.",
airport_load,60,62.6,"\n\n^2Шепард: ^7От тебя это потребует больших жертв.",
airport_load,64,67,"\n\n^2Шепард: ^7В сравнении с целью, эта цена невысока.",
arcadia_load,1.7,2.8,"^5ОПЕРАТИВНО-ТАКТИЧЕСКАЯ ГРУППА 141",
arcadia_load,2.8,6.4,"^5ОПЕРАТИВНО-ТАКТИЧЕСКАЯ ГРУППА 141\nСЕРЖАНТ ГАРИ «РОУЧ» САНДЕРСОН",
arcadia_load,6.4,6.6,"^5ОПЕРАТИВНО-ТАКТИЧЕСКАЯ ГРУППА 141",
arcadia_load,15.15,16.1,"^3РЕЙНДЖЕРЫ АРМИИ США",
arcadia_load,16.1,19.85,"^3РЕЙНДЖЕРЫ АРМИИ США\nРЯДОВОЙ ДЖЕЙМС РАМИРЕС",
arcadia_load,19.85,20.05,"^3РЕЙНДЖЕРЫ АРМИИ США",
arcadia_load,24.5,25,"\n\n^2Шепард: ^7Кто-нибудь, выключите этот чёртов телевизор.",
arcadia_load,25,27.15,"^3ШТАБ-КВАРТИРА ЦРУ, ЛЭНГЛИ, ВИРДЖИНИЯ | 09:12:54 | НЕСЕКРЕТНО\n\n^2Шепард: ^7Кто-нибудь, выключите этот чёртов телевизор.",
arcadia_load,27.9,29,"^3КЭМП-ДЭВИД, ПАРК ГОРЫ КАТОКТИН, МЭРИЛЕНД | 10:27:53 | НЕСЕКРЕТНО\n(ЗАГОРОДНАЯ РЕЗИДЕНЦИЯ ПРЕЗИДЕНТА США)",
arcadia_load,29,30,"^3КЭМП-ДЭВИД, ПАРК ГОРЫ КАТОКТИН, МЭРИЛЕНД | 10:27:53 | НЕСЕКРЕТНО\n(ЗАГОРОДНАЯ РЕЗИДЕНЦИЯ ПРЕЗИДЕНТА США)\n^2Шепард: ^7Моя опергруппа за границей.\nПринимаю командование вашей частью, сержант Фоули.",
arcadia_load,30,30.5,"\n\n^2Шепард: ^7Моя опергруппа за границей.\nПринимаю командование вашей частью, сержант Фоули.",
arcadia_load,30.5,33.5,"^3ПЕНТАГОН, АРЛИНГТОН, ВИРДЖИНИЯ | 08:35:02 | НЕСЕКРЕТНО\n\n^2Шепард: ^7Моя опергруппа за границей.\nПринимаю командование вашей частью, сержант Фоули.",
arcadia_load,34,36,"^2Сержант Фоули: ^7Есть, сэр. Слушаюсь, сэр.",
arcadia_load,37,40,"^2Шепард: ^7Я реквизировал «Страйкер» у восьмой бронетанковой.",
arcadia_load,46,48,"^2Сержант Фоули: ^7С Бэджером шутки плохи, сэр.",
arcadia_load,48,52,"^2Шепард: ^7Он доставит вас на место.\nРусские легко проходят сквозь нашу оборону,",
arcadia_load,52,54,"^2Шепард: ^7Он доставит вас на место.\nРусские легко проходят сквозь нашу оборону,\nнельзя дать им сделать это здесь.",
arcadia_load,54.6,58.3,"^2Сержант Фоули: ^7Укажите точку на карте. Её они не возьмут."
boneyard_load,1.7,2.8,"^5ОПЕРАТИВНО-ТАКТИЧЕСКАЯ ГРУППА 141",
boneyard_load,2.8,6.4,"^5ОПЕРАТИВНО-ТАКТИЧЕСКАЯ ГРУППА 141\nСЕРЖАНТ ГАРИ «РОУЧ» САНДЕРСОН",
boneyard_load,6.4,6.6,"^5ОПЕРАТИВНО-ТАКТИЧЕСКАЯ ГРУППА 141",
boneyard_load,8,9.5,"^5СЕРЖАНТ ГАРИ «РОУЧ» САНДЕРСОН",
boneyard_load,9.5,9.8,"^5СЕРЖАНТ ГАРИ «РОУЧ» САНДЕРСОН\nСТАТУС: ПОГИБ В БОЮ",
boneyard_load,9.8,10.17,"^5СЕРЖАНТ ГАРИ «РОУЧ» САНДЕРСОН",
boneyard_load,10.17,10.54,"^5СЕРЖАНТ ГАРИ «РОУЧ» САНДЕРСОН\nСТАТУС: ПОГИБ В БОЮ",
boneyard_load,10.54,10.9,"^5СЕРЖАНТ ГАРИ «РОУЧ» САНДЕРСОН",
boneyard_load,10.9,11.27,"^5СЕРЖАНТ ГАРИ «РОУЧ» САНДЕРСОН\nСТАТУС: ПОГИБ В БОЮ",
boneyard_load,11.27,11.63,"^5СЕРЖАНТ ГАРИ «РОУЧ» САНДЕРСОН",
boneyard_load,11.63,12,"^5СЕРЖАНТ ГАРИ «РОУЧ» САНДЕРСОН\nСТАТУС: ПОГИБ В БОЮ",
boneyard_load,12,12.4,"^5СЕРЖАНТ ГАРИ «РОУЧ» САНДЕРСОН",
boneyard_load,12.4,12.73,"^5СЕРЖАНТ ГАРИ «РОУЧ» САНДЕРСОН\nСТАТУС: ПОГИБ В БОЮ",
boneyard_load,12.73,13.1,"^5СЕРЖАНТ ГАРИ «РОУЧ» САНДЕРСОН",
boneyard_load,13.1,13.47,"^5СЕРЖАНТ ГАРИ «РОУЧ» САНДЕРСОН\nСТАТУС: ПОГИБ В БОЮ",
boneyard_load,13.47,13.8,"^5СЕРЖАНТ ГАРИ «РОУЧ» САНДЕРСОН",
boneyard_load,13.8,14.07,"^5СЕРЖАНТ ГАРИ «РОУЧ» САНДЕРСОН\nСТАТУС: ПОГИБ В БОЮ",
boneyard_load,14.07,14.2,"^5\nСТАТУС: ПОГИБ В БОЮ",
boneyard_load,14.64,15.47,"^5КАПИТАН «СОУП» МАКТАВИШ",
boneyard_load,15.47,16.7,"^5КАПИТАН «СОУП» МАКТАВИШ\nАФГАНИСТАН, СВАЛКА САМОЛЕТОВ АРМИИ США №437",
boneyard_load,16.7,20,"^5КАПИТАН «СОУП» МАКТАВИШ\nАФГАНИСТАН, СВАЛКА САМОЛЕТОВ АРМИИ США №437\n^2Мактавиш: ^7Роуч? Гоуст? Гоуст, приём! Выходите на связь! Кто-нибудь меня слышит?",
boneyard_load,20,22.45,"^5КАПИТАН «СОУП» МАКТАВИШ\nАФГАНИСТАН, СВАЛКА САМОЛЕТОВ АРМИИ США №437\n^2Прайс: ^7Их нет, Соуп. Шепард убил всех. Я пытаюсь к тебе пробиться.",
boneyard_load,22.45,23.1,"^5\nАФГАНИСТАН, СВАЛКА САМОЛЕТОВ АРМИИ США №437\n^2Прайс: ^7Их нет, Соуп. Шепард убил всех. Я пытаюсь к тебе пробиться.",
boneyard_load,23.1,25,"\n\n^2Прайс: ^7Их нет, Соуп. Шепард убил всех. Я пытаюсь к тебе пробиться.",
boneyard_load,26,28,"\n\n^2Мактавиш: ^7Шепард нас предал.",
boneyard_load,28,31,"\n\n^2Прайс: ^7Предают тех, кто доверяет. Я никому не верю.",
boneyard_load,31.3,34,"^2Прайс: ^7Николай, приём. Засёк координаты?",
boneyard_load,34,38,"^2Николай: ^7Да. Я уже на подходе. Но я не один.",
boneyard_load,38,41,"^2Николай: ^7С одной стороны люди Шепарда, с другой – люди Макарова.",
boneyard_load,43,45,"^2Прайс: ^7Придётся с ними разобраться.",
boneyard_load,45,47,"^2Николай: ^7Или дай им перебить друг друга.",
boneyard_load,47,50,"^2Николай: ^7Что ж, тогда до скорой встречи, мой друг.",
cliffhanger_load,1.7,2.8,"^1ЦРУ",
cliffhanger_load,2.8,6.4,"^1ЦРУ\nРЯДОВОЙ 1-ГО КЛАССА ДЖОЗЕФ АЛЛЕН",
cliffhanger_load,6.4,6.6,"^1ЦРУ",
cliffhanger_load,9.7,14.85,"^1\nРЯДОВОЙ 1-ГО КЛАССА ДЖОЗЕФ АЛЛЕН\n",
cliffhanger_load,15.32,15.69,"^1\nРЯДОВОЙ 1-ГО КЛАССА ДЖОЗЕФ АЛЛЕН\nСТАТУС: ПЕРЕВЕДЕН НА НОВОЕ МЕСТО СЛУЖБЫ",
cliffhanger_load,15.69,16.05,"^1\nРЯДОВОЙ 1-ГО КЛАССА ДЖОЗЕФ АЛЛЕН\n",
cliffhanger_load,16.05,16.41,"^1\nРЯДОВОЙ 1-ГО КЛАССА ДЖОЗЕФ АЛЛЕН\nСТАТУС: ПЕРЕВЕДЕН НА НОВОЕ МЕСТО СЛУЖБЫ",
cliffhanger_load,16.41,16.77,"^1\nРЯДОВОЙ 1-ГО КЛАССА ДЖОЗЕФ АЛЛЕН\n",
cliffhanger_load,16.77,17.13,"^1\nРЯДОВОЙ 1-ГО КЛАССА ДЖОЗЕФ АЛЛЕН\nСТАТУС: ПЕРЕВЕДЕН НА НОВОЕ МЕСТО СЛУЖБЫ",
cliffhanger_load,17.13,17.49,"^1\nРЯДОВОЙ 1-ГО КЛАССА ДЖОЗЕФ АЛЛЕН\n",
cliffhanger_load,17.49,17.85,"^1\nРЯДОВОЙ 1-ГО КЛАССА ДЖОЗЕФ АЛЛЕН\nСТАТУС: ПЕРЕВЕДЕН НА НОВОЕ МЕСТО СЛУЖБЫ",
cliffhanger_load,17.85,18.21,"^1\nРЯДОВОЙ 1-ГО КЛАССА ДЖОЗЕФ АЛЛЕН\n",
cliffhanger_load,18.21,18.57,"^1\nРЯДОВОЙ 1-ГО КЛАССА ДЖОЗЕФ АЛЛЕН\nСТАТУС: ПЕРЕВЕДЕН НА НОВОЕ МЕСТО СЛУЖБЫ",
cliffhanger_load,18.57,18.93,"^1\nРЯДОВОЙ 1-ГО КЛАССА ДЖОЗЕФ АЛЛЕН\n",
cliffhanger_load,18.93,19.29,"^1\nРЯДОВОЙ 1-ГО КЛАССА ДЖОЗЕФ АЛЛЕН\nСТАТУС: ПЕРЕВЕДЕН НА НОВОЕ МЕСТО СЛУЖБЫ",
cliffhanger_load,19.29,19.65,"^1\nРЯДОВОЙ 1-ГО КЛАССА ДЖОЗЕФ АЛЛЕН\n",
cliffhanger_load,19.65,20.01,"^1\nРЯДОВОЙ 1-ГО КЛАССА ДЖОЗЕФ АЛЛЕН\nСТАТУС: ПЕРЕВЕДЕН НА НОВОЕ МЕСТО СЛУЖБЫ",
cliffhanger_load,20.01,20.37,"^1\nРЯДОВОЙ 1-ГО КЛАССА ДЖОЗЕФ АЛЛЕН\n",
cliffhanger_load,20.37,20.73,"^1\nРЯДОВОЙ 1-ГО КЛАССА ДЖОЗЕФ АЛЛЕН\nСТАТУС: ПЕРЕВЕДЕН НА НОВОЕ МЕСТО СЛУЖБЫ",
cliffhanger_load,20.73,21.09,"^1\nРЯДОВОЙ 1-ГО КЛАССА ДЖОЗЕФ АЛЛЕН\n",
cliffhanger_load,21.09,21.45,"^1\nРЯДОВОЙ 1-ГО КЛАССА ДЖОЗЕФ АЛЛЕН\nСТАТУС: ПЕРЕВЕДЕН НА НОВОЕ МЕСТО СЛУЖБЫ",
cliffhanger_load,21.45,21.81,"^1\nРЯДОВОЙ 1-ГО КЛАССА ДЖОЗЕФ АЛЛЕН\n",
cliffhanger_load,21.81,22.17,"^1\nРЯДОВОЙ 1-ГО КЛАССА ДЖОЗЕФ АЛЛЕН\nСТАТУС: ПЕРЕВЕДЕН НА НОВОЕ МЕСТО СЛУЖБЫ",
cliffhanger_load,22.17,22.53,"^1\nРЯДОВОЙ 1-ГО КЛАССА ДЖОЗЕФ АЛЛЕН\n",
cliffhanger_load,22.53,22.89,"^1\nРЯДОВОЙ 1-ГО КЛАССА ДЖОЗЕФ АЛЛЕН\nСТАТУС: ПЕРЕВЕДЕН НА НОВОЕ МЕСТО СЛУЖБЫ",
cliffhanger_load,23.3,25,"^2Рядовой 1-го класса Аллен: ^7Как я выгляжу?",
cliffhanger_load,25,27,"^2Шепард: ^7Как настоящий плохой парень.",
cliffhanger_load,27,29,"^2Шепард: ^7Для твоего задания – идеально.",
cliffhanger_load,29,31,"^2Рядовой 1-го класса Аллен: ^7Макаров будет наградой.",
cliffhanger_load,31,36,"^2Шепард: ^7Макаров – не награда. Он шавка. Бешеный пес, убивающий направо и налево.",
cliffhanger_load,37,40,"^2Шепард: ^7Помни легенду – это залог твоего выживания.",
cliffhanger_load,41,44.42,"\n\n^2Шепард: ^7Это отряд 141 – добро пожаловать в ряды лучших бойцов планеты!",
cliffhanger_load,44.42,45.5,"^5ОПЕРАТИВНО-ТАКТИЧЕСКАЯ ГРУППА 141\n\n^2Шепард: ^7Это отряд 141 – добро пожаловать в ряды лучших бойцов планеты!",
cliffhanger_load,45.5,46,"^5ОПЕРАТИВНО-ТАКТИЧЕСКАЯ ГРУППА 141\nСЕРЖАНТ ГАРИ «РОУЧ» САНДЕРСОН\n^2Шепард: ^7Это отряд 141 – добро пожаловать в ряды лучших бойцов планеты!",
cliffhanger_load,46,49.1,"^5ОПЕРАТИВНО-ТАКТИЧЕСКАЯ ГРУППА 141\nСЕРЖАНТ ГАРИ «РОУЧ» САНДЕРСОН\n^2Рядовой 1-го класса Аллен: ^7Благодарю, сэр. Когда я увижу остальных?",
cliffhanger_load,49.1,49.3,"^5ОПЕРАТИВНО-ТАКТИЧЕСКАЯ ГРУППА 141\n\n^2Рядовой 1-го класса Аллен: ^7Благодарю, сэр. Когда я увижу остальных?",
cliffhanger_load,49.3,54,"\n\n^2Шепард: ^7Они на задании. Цель – модуль автоматической системы контроля в тылу врага.",
cliffhanger_load,54,56,"\n\n^2Рядовой 1-го класса Аллен: ^7По колено в воде?",
cliffhanger_load,56,59,"\n\n^2Шепард: ^7Я бы сказал, на жестоком холоде.",
contingency_load,1.7,2.8,"^5ОПЕРАТИВНО-ТАКТИЧЕСКАЯ ГРУППА 141",
contingency_load,2.8,6.4,"^5ОПЕРАТИВНО-ТАКТИЧЕСКАЯ ГРУППА 141\nСЕРЖАНТ ГАРИ «РОУЧ» САНДЕРСОН",
contingency_load,6.4,6.6,"^5ОПЕРАТИВНО-ТАКТИЧЕСКАЯ ГРУППА 141",
contingency_load,12,14,"^2Капитан Мактавиш: ^7Соединение почти установлено.",
contingency_load,16.3,19,"^2Капитан Мактавиш: ^7Генерал Шепард, на связи капитан Прайс.",
contingency_load,20,22,"^2Шепард: ^7С возвращением с того света, капитан.",
contingency_load,22,24,"^2Капитан Прайс: ^7Да уж, как у чёрта со сковороды…",
contingency_load,24,27,"^2Капитан Прайс: ^7Этот мир превращается в настоящий ад.",
contingency_load,28,31,"^2Шепард: ^7Мы надеялись вернуть модуль до того, как русские его взломают.",
contingency_load,32,33,"^2Шепард: ^7Мы ошиблись.",
contingency_load,33.6,38,"^2Шепард: ^7После этого Макаров атаковал США. Теперь всё вокруг в огне.",
contingency_load,39,41,"^2Шепард: ^7Что ты мне передаёшь?",
contingency_load,41.6,46,"^2Капитан Прайс: ^7Чтобы потушить горящую нефть, сэр, обычно рядом с пожаром устраивают взрыв.",
contingency_load,46,48.2,"^2Капитан Прайс: ^7Убрать кислород – и пламя погаснет.",
contingency_load,49,54,"^2Шепард: ^7Прайс, похоже, ты переутомился. Приди в себя, не говори ерунды, сынок.",
contingency_load,55,58,"^2Капитан Прайс: ^7Шепард, ты готов сделать то, что нужно для победы?",
contingency_load,58.6,60,"^2Шепард: ^7Конечно.",
contingency_load,60.5,65,"^2Капитан Прайс: ^7Назревает большой пожар. Взрыв должен быть не меньше.",
contingency_load,66,70.2,"^2Шепард: ^7Ты слишком долго был в русской колонии, Прайс. Займись Макаровым.",
contingency_load,71,72.12,"^5ЯДЕРНЫЙ АРСЕНАЛ НОСИТЕЛЕЙ: ••••••••••••••\n^2Капитан Прайс: ^7Нет времени, сэр. Войну надо закончить сегодня.",
contingency_load,72.12,73,"^5ЯДЕРНЫЙ АРСЕНАЛ НОСИТЕЛЕЙ: 16 МЕГАТОНН\n^2Капитан Прайс: ^7Нет времени, сэр. Войну надо закончить сегодня.",
contingency_load,73,76,"^5ЯДЕРНЫЙ АРСЕНАЛ НОСИТЕЛЕЙ: 16 МЕГАТОНН\n^2Шепард: ^7Это не просьба, Прайс. Это приказ! Ты д…",
contingency_load,77.22,78.8,"^5СОЕДИНЕНИЕ РАЗОРВАНО",
contingency_load,78.8,82,"^5СОЕДИНЕНИЕ РАЗОРВАНО\n^2Капитан Прайс: ^7Хм. Кажется, связь оборвалась...",
dcburning_load,8,18,"^2 ^7ЖИТЕЛЯМ ОКРУГА ПРИНС-ДЖОРДЖЕС НАДЛЕЖИТ ПРОСЛЕДОВАТЬ В УПРАВЛЕНИЕ ЗДРАВООХРАНЕНИЯ, РАСПОЛОЖЕННОЕ ПО АДРЕСУ КЕРКВУД-АВЕНЮ, 147. ",1
dcburning_load,18,27,^2 ^7МАШИНЫ ОТЪЕЗЖАЮТ ОТ СТУДЕНЧЕСКОГО ГОРОДКА МУНИЦИПАЛЬНОГО КОЛЛЕДЖА КАЖДЫЕ 15 МИНУТ. /// ПРОВОДИТСЯ ЭКСТРЕННАЯ ЭВАКУАЦИЯ. /// ,1
dcburning_load,27,36,^2 ^7НЕЗАМЕДЛИТЕЛЬНО ПРОСЛЕДУЙТЕ В БЛИЖАЙШЕЕ УБЕЖИЩЕ. ТАМ ВАС БУДУТ ЖДАТЬ ПРЕДСТАВИТЕЛИ ВООРУЖЕННЫХ СИЛ. ,1
dcburning_load,36,44,^2 ^7ПРИ СЕБЕ ИМЕТЬ УДОСТОВЕРЕНИЕ ЛИЧНОСТИ И НЕ БОЛЕЕ ОДНОГО ПРЕДМЕТА БАГАЖА НА ЧЕЛОВЕКА. /// СМОТРИТЕ ПО СТОРОНАМ. БУДЬТЕ ВНИМАТЕЛЬНЫ.,1
dcemp_load,1.7,2.8,"^5ОПЕРАТИВНО-ТАКТИЧЕСКАЯ ГРУППА 141",
dcemp_load,2.8,6.4,"^5ОПЕРАТИВНО-ТАКТИЧЕСКАЯ ГРУППА 141\nСЕРЖАНТ ГАРИ «РОУЧ» САНДЕРСОН",
dcemp_load,6.4,6.6,"^5ОПЕРАТИВНО-ТАКТИЧЕСКАЯ ГРУППА 141",
dcemp_load,12,15.02,"^5США, ШТАТ КОЛОРАДО",
dcemp_load,16,20.13,"^5ГОРА ШАЙЕНН, ГОРОД КОЛОРАДО-СПРИНГС\nКОМАНДОВАНИЕ ВОЗДУШНО-КОСМИЧЕСКОЙ ОБОРОНЫ\nСЕВЕРНОЙ АМЕРИКИ",
dcemp_load,27,31.5,"^2Министр обороны: ^7Джентльмены, по нашим расчетам, цель ракеты – восточное побережье. Под угрозой Белый дом.",
dcemp_load,32,35,"^2Шепард: ^7Мы восстановим его. Это не в первый раз.",
dcemp_load,36,37,"^2Министр обороны: ^7Потери?",
dcemp_load,37.8,45,"^2Шепард: ^7В зависимости от места взрыва от 30 до 50 тысяч. Плюс отказ всей техники.",
dcemp_load,46,49,"^2Министр обороны: ^7А ведь вы нас предупреждали, генерал Шепард…",
dcemp_load,49.5,55,^2Шепард: ^7Не будем о прошлом. Мы просто не можем оставить такой удар без ответа.,
dcemp_load,55.2,61,^2Шепард: ^7И мы знаем имя виновного. Нужно добраться до Макарова.,
dcemp_load,61.8,66,"^2Министр обороны: ^7Даю вам полный карт-бланш, генерал. Задействуйте любые ресурсы.",
estate_load,1.7,2.8,"^3РЕЙНДЖЕРЫ АРМИИ США",
estate_load,2.8,6.4,"^3РЕЙНДЖЕРЫ АРМИИ США\nРЯДОВОЙ ДЖЕЙМС РАМИРЕС",
estate_load,6.4,6.6,"^3РЕЙНДЖЕРЫ АРМИИ США",
estate_load,7,12,"\n\n^2Шепард: ^7Это была тяжёлая неделя, джентльмены. Мы потеряли больше, чем рассчитывали. Мы восстановим силы.",
estate_load,12.9,14,"^5ОПЕРАТИВНО-ТАКТИЧЕСКАЯ ГРУППА 141",
estate_load,14,16,"^5ОПЕРАТИВНО-ТАКТИЧЕСКАЯ ГРУППА 141\nСЕРЖАНТ ГАРИ «РОУЧ» САНДЕРСОН",
estate_load,16,17.6,"^5ОПЕРАТИВНО-ТАКТИЧЕСКАЯ ГРУППА 141\nСЕРЖАНТ ГАРИ «РОУЧ» САНДЕРСОН\n^2Шепард: ^7У нас карт-бланш, и мы сделаем всё, чтобы убить Макарова.",
estate_load,17.6,17.8,"^5ОПЕРАТИВНО-ТАКТИЧЕСКАЯ ГРУППА 141\n\n^2Шепард: ^7У нас карт-бланш, и мы сделаем всё, чтобы убить Макарова.",
estate_load,17.8,20.3,"\n\n^2Шепард: ^7У нас карт-бланш, и мы сделаем всё, чтобы убить Макарова.",
estate_load,22,28,"\n\n^2Шепард: ^7Кто бы что ни говорил, мы совсем не варвары. Мы не убиваем гражданских. Бьём точно в цель.",
estate_load,30,34,"\n\n^2Шепард: ^7Этот преступник ушёл в тень, но мы вытащим его на свет.",
estate_load,34.7,38,"\n\n^2Шепард: ^7Откроем его истинное лицо, и будем сами писать историю, друзья.",
estate_load,42.5,45.8,"\n\n^2Шепард: ^7Для Макарова и его людей во всём мире остались только эти два убежища.",
estate_load,45.8,46.2,"^5КАВКАЗСКИЕ ГОРЫ | АФГАНИСТАН\n\n^2Шепард: ^7Для Макарова и его людей во всём мире остались только эти два убежища.",
estate_load,46.2,47,"^5КАВКАЗСКИЕ ГОРЫ | АФГАНИСТАН\n\n",
estate_load,47,49.3,"^5КАВКАЗСКИЕ ГОРЫ | АФГАНИСТАН\n\n^2Капитан Прайс: ^7Получается, нужно быть в двух местах сразу.",
estate_load,49.3,50,"^51) „ОСОБНЯК“ ВЕРОЯТНОЕ УБЕЖИЩЕ МАКАРОВА (Российско-грузинская граница)\n\n",
estate_load,50,51,"^51) „ОСОБНЯК“ ВЕРОЯТНОЕ УБЕЖИЩЕ МАКАРОВА (Российско-грузинская граница)\n\n^2Шепард: ^7Невозможно?",
estate_load,51,53,"^51) „ОСОБНЯК“ ВЕРОЯТНОЕ УБЕЖИЩЕ МАКАРОВА (Российско-грузинская граница)\n2) „КЛАДБИЩЕ“ СВАЛКА САМОЛЕТОВ АРМИИ США №437 (Место заключения оружейной сделки)\n^2Капитан Прайс: ^7Только не для 1-4-1.",
estate_load,53,55.4,"^51) „ОСОБНЯК“ ВЕРОЯТНОЕ УБЕЖИЩЕ МАКАРОВА (Российско-грузинская граница)\n2) „КЛАДБИЩЕ“ СВАЛКА САМОЛЕТОВ АРМИИ США №437 (Место заключения оружейной сделки)\n^2Гоуст: ^7Шансы убить Макарова 50 на 50, да?",
estate_load,55.4,56,"^51) „ОСОБНЯК“ ВЕРОЯТНОЕ УБЕЖИЩЕ МАКАРОВА (Российско-грузинская граница)\n2) „КЛАДБИЩЕ“ СВАЛКА САМОЛЕТОВ АРМИИ США №437 (Место заключения оружейной сделки)",
estate_load,56,59,"^51) „ОСОБНЯК“ ВЕРОЯТНОЕ УБЕЖИЩЕ МАКАРОВА (Российско-грузинская граница)\n2) „КЛАДБИЩЕ“ СВАЛКА САМОЛЕТОВ АРМИИ США №437 (Место заключения оружейной сделки)\n^2Гоуст: ^7Капитан Прайс, прошу разрешения взять логово вместе с Роучем.",
estate_load,59,59.8,"^51) „ОСОБНЯК“ ВЕРОЯТНОЕ УБЕЖИЩЕ МАКАРОВА (Российско-грузинская граница)\n2) „КЛАДБИЩЕ“ СВАЛКА САМОЛЕТОВ АРМИИ США №437 (Место заключения оружейной сделки)",
estate_load,59.8,63,"^51) „ОСОБНЯК“ ВЕРОЯТНОЕ УБЕЖИЩЕ МАКАРОВА (Российско-грузинская граница)\n2) „КЛАДБИЩЕ“ СВАЛКА САМОЛЕТОВ АРМИИ США №437 (Место заключения оружейной сделки)\n^2Капитан Прайс: ^7Разрешаю. Мы с Соупом возьмём свалку в Афганистане.",
estate_load,63,63.3,"^51) „ОСОБНЯК“ ВЕРОЯТНОЕ УБЕЖИЩЕ МАКАРОВА (Российско-грузинская граница)\n2) „КЛАДБИЩЕ“ СВАЛКА САМОЛЕТОВ АРМИИ США №437 (Место заключения оружейной сделки)",
estate_load,63.3,66,"^51) „ОСОБНЯК“ ВЕРОЯТНОЕ УБЕЖИЩЕ МАКАРОВА (Российско-грузинская граница)\n2) „КЛАДБИЩЕ“ СВАЛКА САМОЛЕТОВ АРМИИ США №437 (Место заключения оружейной сделки)\n^2Шепард: ^7Хорошо. Мы отрежем им все пути к отступлению. Сегодня всё закончится.",
estate_load,66,69,"\n\n^2Шепард: ^7Хорошо. Мы отрежем им все пути к отступлению. Сегодня всё закончится.",
estate_load,70,74,"\n\n^2Капитан Прайс: ^7Странно. Я думал, всё закончилось ещё вчера.",
favela_escape_load,1.7,2.8,"^3РЕЙНДЖЕРЫ АРМИИ США",
favela_escape_load,2.8,6.4,"^3РЕЙНДЖЕРЫ АРМИИ США\nРЯДОВОЙ ДЖЕЙМС РАМИРЕС",
favela_escape_load,6.4,6.6,"^3РЕЙНДЖЕРЫ АРМИИ США",
favela_escape_load,15.14,16.24,"^5ОПЕРАТИВНО-ТАКТИЧЕСКАЯ ГРУППА 141",
favela_escape_load,16.24,19.84,"^5ОПЕРАТИВНО-ТАКТИЧЕСКАЯ ГРУППА 141\nСЕРЖАНТ ГАРИ «РОУЧ» САНДЕРСОН",
favela_escape_load,19.84,20.04,"^5ОПЕРАТИВНО-ТАКТИЧЕСКАЯ ГРУППА 141",
favela_escape_load,28.3,30.5,^2Гоуст: ^7Не могу установить связь.,
favela_escape_load,38,42.5,^2Капитан Мактавиш: ^7Русские скопировали модуль автоматической системы контроля. Могут открыть любой замок в Америке!,
favela_escape_load,42.5,48,"^2Гоуст: ^7И они намерены отомстить за каждого убитого в Москве. Похоже, у нас совсем не осталось друзей.",
favela_escape_load,49.2,53,"^2Капитан Мактавиш: ^7Я знаю его. Надо найти таксофон, если они ещё существуют.",
favela_escape_load,53.3,59,"^2Гоуст: ^7От Рохаса мы узнали, что единственный человек, которого Макаров ненавидит больше, чем американцев, сидит в тюрьме.",
favela_escape_load,59.5,66,"^2Капитан Мактавиш: ^7Это всё, что у нас есть. Если тот зэк – наживка для поимки этого психопата, туда ему и дорога.",
favela_load,1.7,2.8,"^1ЦРУ: ОПЕРАЦИЯ ПОД ПРИКРЫТИЕМ",
favela_load,2.8,4.6,"^1ЦРУ: ОПЕРАЦИЯ ПОД ПРИКРЫТИЕМ\nАЛЕКСЕЙ БОРОДИН",
favela_load,4.6,5.06,"^1ЦРУ: ОПЕРАЦИЯ ПОД ПРИКРЫТИЕМ",
favela_load,5.06,5.56,"^1ЦРУ: ОПЕРАЦИЯ ПОД ПРИКРЫТИЕМ\nРЯДОВОЙ 1-ГО КЛАССА ДЖОЗЕФ АЛЛЕН\n",
favela_load,5.56,5.93,"^1ЦРУ: ОПЕРАЦИЯ ПОД ПРИКРЫТИЕМ\nРЯДОВОЙ 1-ГО КЛАССА ДЖОЗЕФ АЛЛЕН\nСТАТУС: ПОГИБ В БОЮ",
favela_load,5.93,6.3,"^1ЦРУ: ОПЕРАЦИЯ ПОД ПРИКРЫТИЕМ\nРЯДОВОЙ 1-ГО КЛАССА ДЖОЗЕФ АЛЛЕН\n",
favela_load,6.3,6.67,"^1ЦРУ: ОПЕРАЦИЯ ПОД ПРИКРЫТИЕМ\nРЯДОВОЙ 1-ГО КЛАССА ДЖОЗЕФ АЛЛЕН\nСТАТУС: ПОГИБ В БОЮ",
favela_load,6.67,7.04,"^1ЦРУ: ОПЕРАЦИЯ ПОД ПРИКРЫТИЕМ\nРЯДОВОЙ 1-ГО КЛАССА ДЖОЗЕФ АЛЛЕН\n",
favela_load,7.04,7.3,"^1ЦРУ: ОПЕРАЦИЯ ПОД ПРИКРЫТИЕМ\nРЯДОВОЙ 1-ГО КЛАССА ДЖОЗЕФ АЛЛЕН\nСТАТУС: ПОГИБ В БОЮ",
favela_load,7.3,7.41,"^1\n\nСТАТУС: ПОГИБ В БОЮ",
favela_load,9,9.36,"^1РЯДОВОЙ 1-ГО КЛАССА ДЖОЗЕФ АЛЛЕН\nСТАТУС: ПОГИБ В БОЮ",
favela_load,9.36,9.72,"^1РЯДОВОЙ 1-ГО КЛАССА ДЖОЗЕФ АЛЛЕН\n",
favela_load,9.72,10.08,"^1РЯДОВОЙ 1-ГО КЛАССА ДЖОЗЕФ АЛЛЕН\nСТАТУС: ПОГИБ В БОЮ",
favela_load,10.08,10.44,"^1РЯДОВОЙ 1-ГО КЛАССА ДЖОЗЕФ АЛЛЕН\n",
favela_load,10.44,10.8,"^1РЯДОВОЙ 1-ГО КЛАССА ДЖОЗЕФ АЛЛЕН\nСТАТУС: ПОГИБ В БОЮ",
favela_load,10.8,11.16,"^1РЯДОВОЙ 1-ГО КЛАССА ДЖОЗЕФ АЛЛЕН\n",
favela_load,11.16,11.52,"^1РЯДОВОЙ 1-ГО КЛАССА ДЖОЗЕФ АЛЛЕН\nСТАТУС: ПОГИБ В БОЮ",
favela_load,11.52,11.88,"^1РЯДОВОЙ 1-ГО КЛАССА ДЖОЗЕФ АЛЛЕН\n",
favela_load,11.88,12.3,"^1РЯДОВОЙ 1-ГО КЛАССА ДЖОЗЕФ АЛЛЕН\nСТАТУС: ПОГИБ В БОЮ",
favela_load,12.37,13,"^5ОПЕРАТИВНО-ТАКТИЧЕСКАЯ ГРУППА 141",
favela_load,13,13.47,"^5ОПЕРАТИВНО-ТАКТИЧЕСКАЯ ГРУППА 141\n\n^2Гоуст: ^7Русские не оставят эту резню без ответа. Прольётся много крови.",
favela_load,13.47,16.5,"^5ОПЕРАТИВНО-ТАКТИЧЕСКАЯ ГРУППА 141\nСЕРЖАНТ ГАРИ «РОУЧ» САНДЕРСОН\n^2Гоуст: ^7Русские не оставят эту резню без ответа. Прольётся много крови.",
favela_load,16.5,17,"^5ОПЕРАТИВНО-ТАКТИЧЕСКАЯ ГРУППА 141\nСЕРЖАНТ ГАРИ «РОУЧ» САНДЕРСОН\n",
favela_load,17,17.27,"^5ОПЕРАТИВНО-ТАКТИЧЕСКАЯ ГРУППА 141\n\n^2Капитан Мактавиш: ^7Ты прав как никогда, приятель. Сейчас для всего мира они – жертвы.",
favela_load,17.27,20,"\n\n^2Капитан Мактавиш: ^7Ты прав как никогда, приятель. Сейчас для всего мира они – жертвы.",
favela_load,20,22.84,"^5СПИСОК ПОГИБШИХ И РАНЕНЫХ\n\n^2Капитан Мактавиш: ^7Никто и слова не скажет, если русские порешают каждого американца, до которого смогут добраться.",
favela_load,22.84,24.3,"^5СПИСОК ПОГИБШИХ И РАНЕНЫХ\nДЖОЗЕФ АЛЛЕН | 22 ГОДА | ИТАКА, ШТАТ НЬЮ-ЙОРК | ЦРУ\n^2Капитан Мактавиш: ^7Никто и слова не скажет, если русские порешают каждого американца, до которого смогут добраться.",
favela_load,24.3,25.6,"^5СПИСОК ПОГИБШИХ И РАНЕНЫХ\nДЖОЗЕФ АЛЛЕН | 22 ГОДА | ИТАКА, ШТАТ НЬЮ-ЙОРК | ЦРУ\n^2Шепард: ^7Макаров оказался на шаг впереди. Он повесил на американца тысячи трупов.",
favela_load,25.6,30,"\n\n^2Шепард: ^7Макаров оказался на шаг впереди. Он повесил на американца тысячи трупов.",
favela_load,31,36.9,"\n\n^2Капитан Мактавиш: ^7Только мы знаем, что это организовал Макаров, не ЦРУ. После Аллена нам никто не поверит. Нужны доказательства.",
favela_load,36.9,37.3,"^5НАЙДЕНО СОВПАДЕНИЕ\nМЕСТО ИЗГОТОВЛЕНИЯ: БРАЗИЛИЯ\n",
favela_load,37.3,39.3,"^5НАЙДЕНО СОВПАДЕНИЕ\nМЕСТО ИЗГОТОВЛЕНИЯ: БРАЗИЛИЯ\n^2Шепард: ^7Пойдём по следу.",
favela_load,39.3,40.7,"^5НАЙДЕНО СОВПАДЕНИЕ\nМЕСТО ИЗГОТОВЛЕНИЯ: БРАЗИЛИЯ\n",
favela_load,45,47,"^5ПОМОЩНИК РОХАСА | АЛЕХАНДРО РОХАС\n^2Шепард: ^7Алехандро Рохас.",
favela_load,47,47.3,"^5ПОМОЩНИК РОХАСА | АЛЕХАНДРО РОХАС\n",
favela_load,48.5,50,"^2Капитан Мактавиш: ^7Не знаю такого, сэр.",
favela_load,50,53,"^2Шепард: ^7Он же Алекс Красный. Он снабдил их оружием перед нападанием.",
favela_load,54,59,"^2Капитан Мактавиш: ^7Одна пуля становится причиной ярости целого государства. А это значит…",
favela_load,59,61,"^2Шепард: ^7Это наш ключ к Макарову.",
gulag_load,1.7,2.8,"^5ОПЕРАТИВНО-ТАКТИЧЕСКАЯ ГРУППА 141",
gulag_load,2.8,6.4,"^5ОПЕРАТИВНО-ТАКТИЧЕСКАЯ ГРУППА 141\nСЕРЖАНТ ГАРИ «РОУЧ» САНДЕРСОН",
gulag_load,6.4,6.6,"^5ОПЕРАТИВНО-ТАКТИЧЕСКАЯ ГРУППА 141",
gulag_load,15.8,19,"^2Капитан Мактавиш: ^7Шестой флот начинает зачистку. Пора.",
gulag_load,20.7,24,"^2Капитан Мактавиш: ^7Строение с долгой историей. Долгой и печальной.",
gulag_load,24,28,"^2Капитан Мактавиш: ^7Когда-то это был замок. Настоящая крепость, твердыня, готовая выдержать любой удар.",
gulag_load,28.8,33.2,"^2Капитан Мактавиш: ^7Оно пережило немало суровых зим. Чего не скажешь о его жителях.",
gulag_load,34,37,"^2Капитан Мактавиш: ^7Монастырь. Где живут совсем не монахи.",
gulag_load,37,41,"^2Капитан Мактавиш: ^7Последние сто лет здесь держат тех, кто неугоден правительству, но кого нельзя убить.",
gulag_load,43,48,"^2Капитан Мактавиш: ^7Внутри полно выживших жертв последней войны… в которой, клянусь, я думал, мы победили…",
gulag_load,48,53,"^2Капитан Мактавиш: ^7Но, похоже, в политике, как на ипподроме: поставишь не на ту лошадь – и окажешься здесь.",
gulag_load,53.8,58,^2Капитан Мактавиш: ^7Макарову нужен номер 6-2-7. Вот за ним мы и пришли.,
intro_credits_load,5.50,7.8,"^2„ДЛЯ ЗАПИСИ“",
intro_credits_load,20,22,"^2САС: ^7Это новичок, сэр.",
intro_credits_load,25,29,"^2Капитан Прайс: ^7Да, что у тебя за имя такое дурацкое, Соуп?",
intro_credits_load,43.5,45.2,"^1Аль-Асад: ^7Война – это искусство обмана.",
intro_credits_load,48.5,51.8,^2Капитан Прайс: ^7Николай сейчас в аду. Проводим его!,
intro_credits_load,51.8,54,^2Капитан Прайс: ^7Мы позаботимся о наших друзьях. Уходим!,
intro_credits_load,64,67,^2Капитан Прайс: ^7Захаев. Имран Захаев.,
intro_credits_load,78,82,^1Захаев: ^7Моя кровь – на их руках.,
intro_credits_load,89,93.5,"^2Капитан Прайс: ^7D1X, выпущена ракета, повторяю, выпущена…",
intro_credits_load,121.58,125.58,"^25 ЛЕТ СПУСТЯ",
invasion_load,1.7,2.8,"^5ОПЕРАТИВНО-ТАКТИЧЕСКАЯ ГРУППА 141",
invasion_load,2.8,6.4,"^5ОПЕРАТИВНО-ТАКТИЧЕСКАЯ ГРУППА 141\nСЕРЖАНТ ГАРИ «РОУЧ» САНДЕРСОН",
invasion_load,6.4,6.6,"^5ОПЕРАТИВНО-ТАКТИЧЕСКАЯ ГРУППА 141",
invasion_load,15.15,16.1,"^3РЕЙНДЖЕРЫ АРМИИ США",
invasion_load,16.1,19.85,"^3РЕЙНДЖЕРЫ АРМИИ США\nРЯДОВОЙ ДЖЕЙМС РАМИРЕС",
invasion_load,19.85,20.05,"^3РЕЙНДЖЕРЫ АРМИИ США",
invasion_load,22,23.5,"^3\nНа связи НОРАД (командование воздушно-космической обороны)\n^2Штаб-квартира НОРАД: ^7Сэнд Браво, мы засекли 70 самолетов противника в вашем квадрате. Подтвердите.",
invasion_load,23.5,26.5,"^3Система контроля воздушного пространства: АКТИВНА…\nНа связи НОРАД (командование воздушно-космической обороны)\n^2Штаб-квартира НОРАД: ^7Сэнд Браво, мы засекли 70 самолетов противника в вашем квадрате. Подтвердите.",
invasion_load,26.5,27,"^3Система контроля воздушного пространства: АКТИВНА…\nНа связи НОРАД (командование воздушно-космической обороны)\n",
invasion_load,27,31.5,"^3Система контроля воздушного пространства: АКТИВНА…\nНа связи НОРАД (командование воздушно-космической обороны)\n^2База Ноум: ^7Очень смешно. Нет, не подтверждаем.",
invasion_load,31.5,31.516,"^3Система контроля воздушного пространства: АКТИВНА…\nНа связи НОРАД (командование воздушно-космической обороны\n",
invasion_load,31.516,31.532,"^3Система контроля воздушного пространства: АКТИВНА…\nНа связи НОРАД (командование воздушно-космической оборон\n",
invasion_load,31.532,31.548,"^3Система контроля воздушного пространства: АКТИВНА…\nНа связи НОРАД (командование воздушно-космической оборо\n",
invasion_load,31.548,31.564,"^3Система контроля воздушного пространства: АКТИВНА…\nНа связи НОРАД (командование воздушно-космической обор\n",
invasion_load,31.564,31.58,"^3Система контроля воздушного пространства: АКТИВНА…\nНа связи НОРАД (командование воздушно-космической обо\n",
invasion_load,31.58,31.596,"^3Система контроля воздушного пространства: АКТИВНА…\nНа связи НОРАД (командование воздушно-космической об\n",
invasion_load,31.596,31.612,"^3Система контроля воздушного пространства: АКТИВНА…\nНа связи НОРАД (командование воздушно-космической о\n",
invasion_load,31.612,31.628,"^3Система контроля воздушного пространства: АКТИВНА…\nНа связи НОРАД (командование воздушно-космической \n",
invasion_load,31.628,31.644,"^3Система контроля воздушного пространства: АКТИВНА…\nНа связи НОРАД (командование воздушно-космической\n",
invasion_load,31.644,31.66,"^3Система контроля воздушного пространства: АКТИВНА…\nНа связи НОРАД (командование воздушно-космическо\n",
invasion_load,31.66,31.676,"^3Система контроля воздушного пространства: АКТИВНА…\nНа связи НОРАД (командование воздушно-космическ\n",
invasion_load,31.676,31.692,"^3Система контроля воздушного пространства: АКТИВНА…\nНа связи НОРАД (командование воздушно-космичес\n",
invasion_load,31.692,31.708,"^3Система контроля воздушного пространства: АКТИВНА…\nНа связи НОРАД (командование воздушно-космиче\n",
invasion_load,31.708,31.724,"^3Система контроля воздушного пространства: АКТИВНА…\nНа связи НОРАД (командование воздушно-космич\n",
invasion_load,31.724,31.74,"^3Система контроля воздушного пространства: АКТИВНА…\nНа связи НОРАД (командование воздушно-косми\n",
invasion_load,31.74,31.756,"^3Система контроля воздушного пространства: АКТИВНА…\nНа связи НОРАД (командование воздушно-косм\n",
invasion_load,31.756,31.772,"^3Система контроля воздушного пространства: АКТИВНА…\nНа связи НОРАД (командование воздушно-кос\n",
invasion_load,31.772,31.788,"^3Система контроля воздушного пространства: АКТИВНА…\nНа связи НОРАД (командование воздушно-ко\n",
invasion_load,31.788,31.8,"^3Система контроля воздушного пространства: АКТИВНА…\nНа связи НОРАД (командование воздушно-ко\n",
invasion_load,31.8,31.804,"^3Система контроля воздушного пространства: ИДЕТ ДИАГНОСТИКА…\nНа связи НОРАД (командование воздушно-ко\n^2Диспетчер НОРАД: ^7Должно быть, глюк одного из модулей автоконтроля, сэр…",
invasion_load,31.804,31.82,"^3Система контроля воздушного пространства: ИДЕТ ДИАГНОСТИКА…\nНа связи НОРАД (командование воздушно-к\n^2Диспетчер НОРАД: ^7Должно быть, глюк одного из модулей автоконтроля, сэр…",
invasion_load,31.82,31.836,"^3Система контроля воздушного пространства: ИДЕТ ДИАГНОСТИКА…\nНа связи НОРАД (командование воздушно-\n^2Диспетчер НОРАД: ^7Должно быть, глюк одного из модулей автоконтроля, сэр…",
invasion_load,31.836,31.852,"^3Система контроля воздушного пространства: ИДЕТ ДИАГНОСТИКА…\nНа связи НОРАД (командование воздушно\n^2Диспетчер НОРАД: ^7Должно быть, глюк одного из модулей автоконтроля, сэр…",
invasion_load,31.852,31.868,"^3Система контроля воздушного пространства: ИДЕТ ДИАГНОСТИКА…\nНа связи НОРАД (командование воздушн\n^2Диспетчер НОРАД: ^7Должно быть, глюк одного из модулей автоконтроля, сэр…",
invasion_load,31.868,31.884,"^3Система контроля воздушного пространства: ИДЕТ ДИАГНОСТИКА…\nНа связи НОРАД (командование воздуш\n^2Диспетчер НОРАД: ^7Должно быть, глюк одного из модулей автоконтроля, сэр…",
invasion_load,31.884,31.9,"^3Система контроля воздушного пространства: ИДЕТ ДИАГНОСТИКА…\nНа связи НОРАД (командование возду\n^2Диспетчер НОРАД: ^7Должно быть, глюк одного из модулей автоконтроля, сэр…",
invasion_load,31.9,31.916,"^3Система контроля воздушного пространства: ИДЕТ ДИАГНОСТИКА…\nНа связи НОРАД (командование возд\n^2Диспетчер НОРАД: ^7Должно быть, глюк одного из модулей автоконтроля, сэр…",
invasion_load,31.916,31.932,"^3Система контроля воздушного пространства: ИДЕТ ДИАГНОСТИКА…\nНа связи НОРАД (командование воз\n^2Диспетчер НОРАД: ^7Должно быть, глюк одного из модулей автоконтроля, сэр…",
invasion_load,31.932,31.948,"^3Система контроля воздушного пространства: ИДЕТ ДИАГНОСТИКА…\nНа связи НОРАД (командование во\n^2Диспетчер НОРАД: ^7Должно быть, глюк одного из модулей автоконтроля, сэр…",
invasion_load,31.948,31.964,"^3Система контроля воздушного пространства: ИДЕТ ДИАГНОСТИКА…\nНа связи НОРАД (командование в\n^2Диспетчер НОРАД: ^7Должно быть, глюк одного из модулей автоконтроля, сэр…",
invasion_load,31.964,31.98,"^3Система контроля воздушного пространства: ИДЕТ ДИАГНОСТИКА…\nНа связи НОРАД (командование \n^2Диспетчер НОРАД: ^7Должно быть, глюк одного из модулей автоконтроля, сэр…",
invasion_load,31.98,31.996,"^3Система контроля воздушного пространства: ИДЕТ ДИАГНОСТИКА…\nНа связи НОРАД (командование\n^2Диспетчер НОРАД: ^7Должно быть, глюк одного из модулей автоконтроля, сэр…",
invasion_load,31.996,32.012,"^3Система контроля воздушного пространства: ИДЕТ ДИАГНОСТИКА…\nНа связи НОРАД (командовани\n^2Диспетчер НОРАД: ^7Должно быть, глюк одного из модулей автоконтроля, сэр…",
invasion_load,32.012,32.028,"^3Система контроля воздушного пространства: ИДЕТ ДИАГНОСТИКА…\nНа связи НОРАД (командован\n^2Диспетчер НОРАД: ^7Должно быть, глюк одного из модулей автоконтроля, сэр…",
invasion_load,32.028,32.044,"^3Система контроля воздушного пространства: ИДЕТ ДИАГНОСТИКА…\nНа связи НОРАД (командова\n^2Диспетчер НОРАД: ^7Должно быть, глюк одного из модулей автоконтроля, сэр…",
invasion_load,32.044,32.06,"^3Система контроля воздушного пространства: ИДЕТ ДИАГНОСТИКА…\nНа связи НОРАД (командов\n^2Диспетчер НОРАД: ^7Должно быть, глюк одного из модулей автоконтроля, сэр…",
invasion_load,32.06,32.076,"^3Система контроля воздушного пространства: ИДЕТ ДИАГНОСТИКА…\nНа связи НОРАД (командо\n^2Диспетчер НОРАД: ^7Должно быть, глюк одного из модулей автоконтроля, сэр…",
invasion_load,32.076,32.092,"^3Система контроля воздушного пространства: ИДЕТ ДИАГНОСТИКА…\nНа связи НОРАД (команд\n^2Диспетчер НОРАД: ^7Должно быть, глюк одного из модулей автоконтроля, сэр…",
invasion_load,32.092,32.108,"^3Система контроля воздушного пространства: ИДЕТ ДИАГНОСТИКА…\nНа связи НОРАД (коман\n^2Диспетчер НОРАД: ^7Должно быть, глюк одного из модулей автоконтроля, сэр…",
invasion_load,32.108,32.124,"^3Система контроля воздушного пространства: ИДЕТ ДИАГНОСТИКА…\nНа связи НОРАД (кома\n^2Диспетчер НОРАД: ^7Должно быть, глюк одного из модулей автоконтроля, сэр…",
invasion_load,32.124,32.14,"^3Система контроля воздушного пространства: ИДЕТ ДИАГНОСТИКА…\nНа связи НОРАД (кома\n^2Диспетчер НОРАД: ^7Должно быть, глюк одного из модулей автоконтроля, сэр…",
invasion_load,32.14,32.156,"^3Система контроля воздушного пространства: ИДЕТ ДИАГНОСТИКА…\nНа связи НОРАД (ком\n^2Диспетчер НОРАД: ^7Должно быть, глюк одного из модулей автоконтроля, сэр…",
invasion_load,32.156,32.172,"^3Система контроля воздушного пространства: ИДЕТ ДИАГНОСТИКА…\nНа связи НОРАД (ко\n^2Диспетчер НОРАД: ^7Должно быть, глюк одного из модулей автоконтроля, сэр…",
invasion_load,32.172,32.188,"^3Система контроля воздушного пространства: ИДЕТ ДИАГНОСТИКА…\nНа связи НОРАД (к\n^2Диспетчер НОРАД: ^7Должно быть, глюк одного из модулей автоконтроля, сэр…",
invasion_load,32.188,32.204,"^3Система контроля воздушного пространства: ИДЕТ ДИАГНОСТИКА…\nНа связи НОРАД (\n^2Диспетчер НОРАД: ^7Должно быть, глюк одного из модулей автоконтроля, сэр…",
invasion_load,32.204,32.22,"^3Система контроля воздушного пространства: ИДЕТ ДИАГНОСТИКА…\nНа связи НОРАД \n^2Диспетчер НОРАД: ^7Должно быть, глюк одного из модулей автоконтроля, сэр…",
invasion_load,32.22,32.236,"^3Система контроля воздушного пространства: ИДЕТ ДИАГНОСТИКА…\nНа связи НОРАД\n^2Диспетчер НОРАД: ^7Должно быть, глюк одного из модулей автоконтроля, сэр…",
invasion_load,32.236,32.252,"^3Система контроля воздушного пространства: ИДЕТ ДИАГНОСТИКА…\nНа связи НОРА\n^2Диспетчер НОРАД: ^7Должно быть, глюк одного из модулей автоконтроля, сэр…",
invasion_load,32.252,32.268,"^3Система контроля воздушного пространства: ИДЕТ ДИАГНОСТИКА…\nНа связи НОР\n^2Диспетчер НОРАД: ^7Должно быть, глюк одного из модулей автоконтроля, сэр…",
invasion_load,32.268,32.284,"^3Система контроля воздушного пространства: ИДЕТ ДИАГНОСТИКА…\nНа связи НО\n^2Диспетчер НОРАД: ^7Должно быть, глюк одного из модулей автоконтроля, сэр…",
invasion_load,32.284,32.3,"^3Система контроля воздушного пространства: ИДЕТ ДИАГНОСТИКА…\nНа связи Н\n^2Диспетчер НОРАД: ^7Должно быть, глюк одного из модулей автоконтроля, сэр…",
invasion_load,32.3,32.316,"^3Система контроля воздушного пространства: ИДЕТ ДИАГНОСТИКА…\nНа связи \n^2Диспетчер НОРАД: ^7Должно быть, глюк одного из модулей автоконтроля, сэр…",
invasion_load,32.316,32.332,"^3Система контроля воздушного пространства: ИДЕТ ДИАГНОСТИКА…\nНа связи\n^2Диспетчер НОРАД: ^7Должно быть, глюк одного из модулей автоконтроля, сэр…",
invasion_load,32.332,32.348,"^3Система контроля воздушного пространства: ИДЕТ ДИАГНОСТИКА…\nНа связ\n^2Диспетчер НОРАД: ^7Должно быть, глюк одного из модулей автоконтроля, сэр…",
invasion_load,32.348,32.364,"^3Система контроля воздушного пространства: ИДЕТ ДИАГНОСТИКА…\nНа свя\n^2Диспетчер НОРАД: ^7Должно быть, глюк одного из модулей автоконтроля, сэр…",
invasion_load,32.364,32.38,"^3Система контроля воздушного пространства: ИДЕТ ДИАГНОСТИКА…\nНа св\n^2Диспетчер НОРАД: ^7Должно быть, глюк одного из модулей автоконтроля, сэр…",
invasion_load,32.38,32.396,"^3Система контроля воздушного пространства: ИДЕТ ДИАГНОСТИКА…\nНа с\n^2Диспетчер НОРАД: ^7Должно быть, глюк одного из модулей автоконтроля, сэр…",
invasion_load,32.396,32.412,"^3Система контроля воздушного пространства: ИДЕТ ДИАГНОСТИКА…\nНа \n^2Диспетчер НОРАД: ^7Должно быть, глюк одного из модулей автоконтроля, сэр…",
invasion_load,32.412,32.428,"^3Система контроля воздушного пространства: ИДЕТ ДИАГНОСТИКА…\nНа\n^2Диспетчер НОРАД: ^7Должно быть, глюк одного из модулей автоконтроля, сэр…",
invasion_load,32.428,32.444,"^3Система контроля воздушного пространства: ИДЕТ ДИАГНОСТИКА…\nН\n^2Диспетчер НОРАД: ^7Должно быть, глюк одного из модулей автоконтроля, сэр…",
invasion_load,32.444,33.9,"^3Система контроля воздушного пространства: ИДЕТ ДИАГНОСТИКА…\n\n^2Диспетчер НОРАД: ^7Должно быть, глюк одного из модулей автоконтроля, сэр…",
invasion_load,33.9,34,"^3Система контроля воздушного пространства: ИДЕТ ДИАГНОСТИКА…\n\n",
invasion_load,34,37.75,"^3Система контроля воздушного пространства: ИДЕТ ДИАГНОСТИКА…\n\n^2Штаб-квартира НОРАД: ^7Сэнд Браво, будем искать поломку в оборудовании.",
invasion_load,37.75,38,"^9Система контроля воздушного пространства: ИДЕТ\n\n^2Штаб-квартира НОРАД: ^7Сэнд Браво, будем искать поломку в оборудовании.",
invasion_load,38,38.25,"^9Система контроля воздушного пространства:\n\n",
invasion_load,38.25,38.5,"^9Система контроля воздушного\n\n",
invasion_load,38.5,38.75,"^9Система контроля\n\n",
invasion_load,38.75,39,"^9Система\n\n",
invasion_load,39,42.4,"\n^2База Ноум: ^7У нас всё чисто. Видно, у вас там радары барахлят. Отбой.",
invasion_load,43,48.3,"\n^2Штаб-квартира НОРАД: ^7Зулу Икс-рей 6, в вашем квадрате обнаружено около 100 неизвестных объектов. Подтвердите.",
invasion_load,49,55,"\n^2База Ванденберг: ^7Не подтверждаем. У нас всё чисто. Даже не знаю, что вам сказать… Может, буря на солнце? Сегодня повышенная солнечная активность.",
invasion_load,55.8,61,"\n^2Штаб-квартира НОРАД: ^7Сьерра Дельта… ох, у нас тут сбой системы контроля… кого-нибудь наблюдаете, приём?",
invasion_load,61.3,63,"\n^2Авиадиспетчер: ^7Они повсюду!",
invasion_load,63,64.9,"\n^2Штаб-квартира НОРАД: ^7Сьерра Дельта, повторите!",
invasion_load,64.9,69,"\n^2Авиадиспетчер: ^7Вижу истребители в секторе I-95!\nКак, чёрт возьми, они туда вообще могли попасть?!",
invasion_load,69,73,"\n^2Штаб-квартира НОРАД: ^7Спокойно! Пробую связаться с ближайшим отрядом в этом секторе.",
invasion_load,73,77,"\n^2Сержант Фоули: ^7…на связи 1-й батальон 75-го полка рейнджеров, это сержант Фоули, замкомандира Хантер 2-1. Как слышно, приём?",
invasion_load,77,77.6,"^3ДИАГНОСТИКА ВЫЯВИЛА НЕИСПРАВНОСТЬ\n^2Сержант Фоули: ^7…на связи 1-й батальон 75-го полка рейнджеров, это сержант Фоули, замкомандира Хантер 2-1. Как слышно, приём?",
invasion_load,77.6,77.95,"\n^2Сержант Фоули: ^7…на связи 1-й батальон 75-го полка рейнджеров, это сержант Фоули, замкомандира Хантер 2-1. Как слышно, приём?",
invasion_load,77.95,78.65,"^3ДИАГНОСТИКА ВЫЯВИЛА НЕИСПРАВНОСТЬ\n^2Сержант Фоули: ^7…на связи 1-й батальон 75-го полка рейнджеров, это сержант Фоули, замкомандира Хантер 2-1. Как слышно, приём?",
invasion_load,78.65,79,"\n^2Сержант Фоули: ^7…на связи 1-й батальон 75-го полка рейнджеров, это сержант Фоули, замкомандира Хантер 2-1. Как слышно, приём?",
invasion_load,79,79.7,"^3ДИАГНОСТИКА ВЫЯВИЛА НЕИСПРАВНОСТЬ\n^2Штаб-квартира НОРАД: ^7Всем постам, спутниковое наблюдение отключено. Система акустического наблюдения и радиолокационная станция тоже не работают.",
invasion_load,79.7,80,"\n^2Штаб-квартира НОРАД: ^7Всем постам, спутниковое наблюдение отключено. Система акустического наблюдения и радиолокационная станция тоже не работают.",
invasion_load,80,80.7,"^3ДИАГНОСТИКА ВЫЯВИЛА НЕИСПРАВНОСТЬ\n^2Штаб-квартира НОРАД: ^7Всем постам, спутниковое наблюдение отключено. Система акустического наблюдения и радиолокационная станция тоже не работают.",
invasion_load,80.7,81,"\n^2Штаб-квартира НОРАД: ^7Всем постам, спутниковое наблюдение отключено. Система акустического наблюдения и радиолокационная станция тоже не работают.",
invasion_load,81,81.64,"^3ДИАГНОСТИКА ВЫЯВИЛА НЕИСПРАВНОСТЬ\n^2Штаб-квартира НОРАД: ^7Всем постам, спутниковое наблюдение отключено. Система акустического наблюдения и радиолокационная станция тоже не работают.",
invasion_load,81.64,81.74,"\n^2Штаб-квартира НОРАД: ^7Всем постам, спутниковое наблюдение отключено. Система акустического наблюдения и радиолокационная станция тоже не работают.",
invasion_load,81.74,81.8,"^3ДИАГНОСТИКА ВЫЯВИЛА НЕИСПРАВНОСТЬ\n^2Штаб-квартира НОРАД: ^7Всем постам, спутниковое наблюдение отключено. Система акустического наблюдения и радиолокационная станция тоже не работают.",
invasion_load,81.8,81.84,"\n^2Штаб-квартира НОРАД: ^7Всем постам, спутниковое наблюдение отключено. Система акустического наблюдения и радиолокационная станция тоже не работают.",
invasion_load,81.84,81.94,"^3ДИАГНОСТИКА ВЫЯВИЛА НЕИСПРАВНОСТЬ\n^2Штаб-квартира НОРАД: ^7Всем постам, спутниковое наблюдение отключено. Система акустического наблюдения и радиолокационная станция тоже не работают.",
invasion_load,81.94,82.04,"\n^2Штаб-квартира НОРАД: ^7Всем постам, спутниковое наблюдение отключено. Система акустического наблюдения и радиолокационная станция тоже не работают.",
invasion_load,82.04,82.07,"^3ДИАГНОСТИКА ВЫЯВИЛА НЕИСПРАВНОСТЬ\n^2Штаб-квартира НОРАД: ^7Всем постам, спутниковое наблюдение отключено. Система акустического наблюдения и радиолокационная станция тоже не работают.",
invasion_load,82.07,87,"\n^2Штаб-квартира НОРАД: ^7Всем постам, спутниковое наблюдение отключено. Система акустического наблюдения и радиолокационная станция тоже не работают.",
oilrig_load,1.7,2.8,"^3РЕЙНДЖЕРЫ АРМИИ США",
oilrig_load,2.8,6.4,"^3РЕЙНДЖЕРЫ АРМИИ США\nРЯДОВОЙ ДЖЕЙМС РАМИРЕС",
oilrig_load,6.4,6.6,"^3РЕЙНДЖЕРЫ АРМИИ США",
oilrig_load,12.2,13.3,"^5ОПЕРАТИВНО-ТАКТИЧЕСКАЯ ГРУППА 141",
oilrig_load,13.3,16.9,"^5ОПЕРАТИВНО-ТАКТИЧЕСКАЯ ГРУППА 141\nСЕРЖАНТ ГАРИ «РОУЧ» САНДЕРСОН",
oilrig_load,16.9,17.1,"^5ОПЕРАТИВНО-ТАКТИЧЕСКАЯ ГРУППА 141\n",
oilrig_load,20.8,24,"^2Капитан Мактавиш: ^7Похоже, мы движемся не в том направлении, сэр. Может, вернёмся в бой?",
oilrig_load,24,26,"^2Шепард: ^7Тут для тебя полно работы, Мактавиш.",
oilrig_load,27,33,"^2Шепард: ^7Рад, что ты выбрался из Южной Америки. Объединишься с 6-м флотом. Нанесёте ответный удар.",
oilrig_load,35,42,"^2Шепард: ^7Заключённый 6-2-7. Мы считаем, что именно этого человека ищет Макаров, но не можем до него добраться.",
oilrig_load,45,47,"^2Капитан Мактавиш: ^7Нефтяные вышки, сэр?",
oilrig_load,47,49,^2Шепард: ^7Русские располагают там зенитки.,
oilrig_load,50,56,^2Шепард: ^7Нефтяники – это живой щит. Мы не можем просто взять и взорвать вышку. Эта защищена слабее всех.,
oilrig_load,58.8,62,"^2Шепард: ^7Ребята, я знаю, что сейчас посылаю вас на смерть…",
oilrig_load,62,67,"^2Капитан Мактавиш: ^7Они охраняют это место – значит, там что-то нужное. Особенно, если мы хотим найти заключённого 6-2-7.",
roadkill_load,1.7,2.8,"^3РЕЙНДЖЕРЫ АРМИИ США",
roadkill_load,2.8,6.4,"^3РЕЙНДЖЕРЫ АРМИИ США\nРЯДОВОЙ 1-ГО КЛАССА ДЖОЗЕФ АЛЛЕН",
roadkill_load,6.4,6.6,"^3РЕЙНДЖЕРЫ АРМИИ США",
roadkill_load,8,12.3,^2Шепард: ^7Мы – самая мощная армия в истории человечества.,
roadkill_load,13,15,^2Шепард: ^7Каждая битва – наша битва.,
roadkill_load,16,21,^2Шепард: ^7Происходящее здесь может иметь далеко идущие последствия… и мы не будем в стороне.,
roadkill_load,22,30,"^2Шепард: ^7Ваша судьба сейчас зависит от того, сможете ли вы научиться использовать современные методы ведения войны.",
roadkill_load,30.5,37,"^2Шепард: ^7Мы не можем дать вам свободу. Но мы можем научить вас, как обрести её.",
roadkill_load,37,41.0,"^2Шепард: ^7А это, друзья мои, стоит дороже целой военной базы.",
roadkill_load,42.5,48,"^2Шепард: ^7Конечно, это важно, у кого самая большая дубина. Но не менее важно, кто ею размахивает.",
roadkill_load,49,53,^2Шепард: ^7Пришло время героев. Время легенд.,
roadkill_load,54,56,^2Шепард: ^7Историю пишут победители.,
roadkill_load,57,59,^2Шепард: ^7За работу.,
trainer_load,3.866,5.658,"^7МОСКВА\nРОССИЯ",
trainer_load,5.658,10.159,"^7МОСКВА",
trainer_load,10.7,14,^2Шепард: ^7Что-то меняется… Что-то остается прежним.,
trainer_load,15,21,"^2Шепард: ^7Границы сдвигаются, приходят новые игроки, но власть всегда находит себе место.",
trainer_load,24,29,"^2Шепард: ^7Мы сражались плечом к плечу с русскими. Надо было предвидеть, что нас возненавидят за это.",
trainer_load,30,35,"^2Шепард: ^7Историю пишут победители. Лично я думаю, что мы победили.",
trainer_load,37,41,^2Шепард: ^7Но уничтожаешь одного врага – и ему на смену приходит ещё более опасный.,
trainer_load,43.8,48,"^2Шепард: ^7Новые страны, новые цели, новая идеология.",
trainer_load,49,52,^2Шепард: ^7Вчерашние враги – нынешние новобранцы.,
trainer_load,52,59,"^2Шепард: ^7Учите их сражаться и молитесь, чтобы они тоже не возненавидели вас за это.",
trainer_load,64.27,65.37,"^3РЕЙНДЖЕРЫ АРМИИ США",
trainer_load,65.37,68.97,"^3РЕЙНДЖЕРЫ АРМИИ США\nРЯДОВОЙ 1-ГО КЛАССА ДЖОЗЕФ АЛЛЕН",
trainer_load,68.97,69,"^3РЕЙНДЖЕРЫ АРМИИ США",
trainer_load,70,72,^2Шепард: ^7Новый день – та же хрень.,
trainer_load,72.658,72.8,"^3АФГАНИСТАН",
trainer_load,72.8,77,"^3АФГАНИСТАН\n^2Шепард: ^7Вы знаете, чего я ищу, сержант Фоули. Будьте начеку.",
trainer_load,78,82,"^2Сержант Фоули: ^7На полигоне тренируется новый отряд, сэр. Пошлю к вам самого лучшего.",