material,h2_ui_featured_pip_focused
material,h1_ui_featured_pip_unfocused
material,h2_ui_btn_focused_stroke_square
material,h1_prestige_leftright_arrow
material,featured_panel_1
material,featured_panel_2
material,featured_panel_3
material,featured_panel_4
material,featured_panel_5
material,featured_panel_6
material,featured_panel_7
material,featured_panel_8
material,featured_panel_thumbnail_1
material,featured_panel_thumbnail_2
material,featured_panel_thumbnail_3
material,featured_panel_thumbnail_4
material,featured_panel_thumbnail_5
material,featured_panel_thumbnail_6
material,featured_panel_thumbnail_7
material,featured_panel_thumbnail_8
material,motd_image
